[
   {
      "ID":9,
      "Ended":false,
      "Timer": 99999,
      "Modifier":0
   },
   {
      "ID":83,
      "Ended":false,
      "Timer": 99999,
      "Modifier":0
   },
   {
      "ID":58,
      "Ended":false,
      "Timer": 99999,
      "Modifier":0
   },
   {
      "ID":424,
      "Ended":false,
      "Timer": 99999,
      "Modifier":0
   },
   {
      "ID":81,
      "Ended":false,
      "Timer": 99999,
      "Modifier":0
   },
   {
      "ID":64,
      "Ended":false,
      "Timer": 99999,
      "Modifier":0
   },
   {
      "ID": 30,
      "Ended":false,
      "Timer": 99999,
      "Modifier":0
   }
]